trial_id,child_plan_id,dataset_id,benchmark,task_id,task_name,split,capture_profile,canonical_family_id,candidate_position,pool,pool_position,cell_id,replicate_id,layout_seed_identity,layout_seed,reset_seed_identity,reset_seed,environment_seed_identity,environment_seed,policy_seed_identity,policy_seed,flow_noise_seed_identity,flow_noise_seed,layout_id,seed
rq024-foundation-00-r0,rq024-foundation-r1,rq024-foundation-r1,libero_90,52,LIVING_ROOM_SCENE2_pick_up_the_milk_and_put_it_in_the_basket,train_discovery_baseline,rollout,52place_inmilkbasket[region=contain],0,discovery,0,untouched_baseline,0,sha256:51b6c947cdb99c2901a847c5b557f7398c4ff7741a00aaad979182eb09ca36c1,1370933575,sha256:f3665c5fa53d2e5f98ead9aa293d3c25e23b3663518f8e5013777087632a7c5c,4083571807,sha256:404559e9a58e8e3197165ec9f52aaf2bee18d571da88c14494e9f47301bd680a,1078286825,sha256:33e9906d515baa46fbeb440c76884aefd4996f408afc1c3cdf531a4e52b05d90,870944877,sha256:078e222e65cb3603c6533eca61998300689b29f1f857cf6b53e2b73f9db6d27f,126755374,25,4083571807
rq024-foundation-00-r1,rq024-foundation-r1,rq024-foundation-r1,libero_90,52,LIVING_ROOM_SCENE2_pick_up_the_milk_and_put_it_in_the_basket,train_discovery_baseline,rollout,52place_inmilkbasket[region=contain],0,discovery,0,untouched_baseline,1,sha256:6770ec345d8230eda8bd834a6b291df29e80d0018d76bad075b34e2374910bc0,1735453748,sha256:43e3cad42fbdcb4ad11cf18e496e4c899808182d0b5b01cb9d024cee07b52ebf,1139002068,sha256:ef4f7d574a93799c770087a61cd452efa734b7a206ce6ea3f5da522516eac60d,4014964055,sha256:892a35702be6fe60e435c9bde645b753b7c48b6c50ce5e23916ab84a516dbd50,2301244784,sha256:0b2257a4cf5c14fcbdfa7702b49e48b4e3be5c2b7612dccc9ef353d3864f0cb4,186800036,48,1139002068
rq024-foundation-00-r2,rq024-foundation-r1,rq024-foundation-r1,libero_90,52,LIVING_ROOM_SCENE2_pick_up_the_milk_and_put_it_in_the_basket,train_discovery_baseline,rollout,52place_inmilkbasket[region=contain],0,discovery,0,untouched_baseline,2,sha256:d8200543d86976d403a7ac480aacfb8702ef4b7e498c3358d22611c201c2ebbf,3625977155,sha256:f16d431f0ab621a2659aff44e0afe33d2cef6e7076609092a0a8429b4bef9dc2,4050469663,sha256:a278a6dee0340bc79aff2972e0f2d2728c6c099ad9e7cae21ad8697790da253d,2725816030,sha256:cb2736659d4f54789d12cc85529541dac9e8af68622991af8f697c9fb19fcb50,3408344677,sha256:7fb53fecf789a1549ca7b53ffdb5297c86bb8270662c063671abf1d27d100320,2142584812,5,4050469663
rq024-foundation-01-r0,rq024-foundation-r1,rq024-foundation-r1,libero_90,39,KITCHEN_SCENE8_turn_off_the_stove,test_confirmation_baseline,rollout,39turn_offstove,1,confirmation,0,untouched_baseline,0,sha256:0dfbb3871cf385a087135b753f509f55b8dad0039f20259d5454d7a0e3f58931,234599303,sha256:fb27423ca39bdb31b330f6f70004491e1c4e271cba4a1f1b02da76a157e75c54,4213654076,sha256:0a18c994324993042ffa8e398d063d48bd8f5983938ebb7b505c3b00a6674697,169396628,sha256:ac5f2eefa08c7e89908ef65c9fc2993f8efb7ad2b0dc9dee552c68fe43a2b19b,2891919087,sha256:ff132b07e5937738c953c9ccb67166ccace188dfaacd11df2fda5705194ced03,4279446279,3,4213654076
rq024-foundation-01-r1,rq024-foundation-r1,rq024-foundation-r1,libero_90,39,KITCHEN_SCENE8_turn_off_the_stove,test_confirmation_baseline,rollout,39turn_offstove,1,confirmation,0,untouched_baseline,1,sha256:54505592aad3514f240072ad9a843602a2df7b0914aead774c47ffb36b562d47,1414550930,sha256:de3f72c6036e731c82ec9b7313fee1bbcaa9fba675060a927e46f100baa39582,3728700102,sha256:26e77ae75590d125e4a710da0ac783f81a5307de9733234d1c25fc0d8de82e3b,652704487,sha256:3cad10a0aac7b87f8c70c4d91eb39bd0cabeb1cfdbc462b0b7dde1ff652ea47b,1017974944,sha256:ea9654933a9f60dfbe97d5a0b019f9d500234ac6d6791f2dcd469d16ae3db02d,3935720595,30,3728700102
rq024-foundation-01-r2,rq024-foundation-r1,rq024-foundation-r1,libero_90,39,KITCHEN_SCENE8_turn_off_the_stove,test_confirmation_baseline,rollout,39turn_offstove,1,confirmation,0,untouched_baseline,2,sha256:7b704833c0014fbbf2095518d94363da984232bca684da3d776abd0675b426ef,2070956083,sha256:cc3c8a9f99e22488ccfe2359b2bd47692c767775639a65ce4e4b6d6863794d4c,3426519711,sha256:64f204b241f34caa3bf7e05403f6331e9263515ca60d75491cbd0e20d5bf647a,1693582514,sha256:e0bd36ca8e40a9c03ac33e57dca8c46192dedbfec2aaed28d2a3de60a87796f8,3770496714,sha256:e7e8ee5445378c335d9de9b95ef712553821b31ce5279f65c1ab4a442d693a46,3890802260,33,3426519711
rq024-foundation-02-r0,rq024-foundation-r1,rq024-foundation-r1,libero_90,56,LIVING_ROOM_SCENE3_pick_up_the_butter_and_put_it_in_the_tray,train_discovery_baseline,rollout,56place_inbuttertray[region=contain],2,discovery,1,untouched_baseline,0,sha256:bf9924724be9183260e56dd2ebf8f587b9d7a1777575cb7dcb2346f48ec016d9,3214484594,sha256:157753acc2134ca5a8e830400e0c0b26ecc1a9fc5455b6ff089381519e484d44,360141740,sha256:e598c0d0b623a789088088f5aee828b5a6cf57e185be538a2cbbe16a2f2c5431,3851993296,sha256:05057895feed54b68db5d47b9cd099c87dedb3d01be27d9590a24764c0ba570e,84244629,sha256:1b76dc3de8a4ad2a33311b74c146fd6df052ee540691a2517e7f115481447437,460774461,44,360141740
rq024-foundation-02-r1,rq024-foundation-r1,rq024-foundation-r1,libero_90,56,LIVING_ROOM_SCENE3_pick_up_the_butter_and_put_it_in_the_tray,train_discovery_baseline,rollout,56place_inbuttertray[region=contain],2,discovery,1,untouched_baseline,1,sha256:1b3f677e107ae5b2129456fdbd014152fe9a16504cad2f827836e439d9e4f8d8,457140094,sha256:872773656c92f812d3263f275bd4a07bb998d804b2af8197464c8fade3648b6a,2267509605,sha256:c63fa560f0b5870be4bf2c3316b83c81c5abfabdd629398d48b03105a40bff6a,3326059872,sha256:913900da17511c190d30449b894b21c144845d8ef6ac5d7f79385bd9106d71f9,2436432090,sha256:e875ad1654dd0ab4ae44450862aa326e97f3199a70c2800fb5eabb1669f5e5ff,3900026134,44,2267509605
rq024-foundation-02-r2,rq024-foundation-r1,rq024-foundation-r1,libero_90,56,LIVING_ROOM_SCENE3_pick_up_the_butter_and_put_it_in_the_tray,train_discovery_baseline,rollout,56place_inbuttertray[region=contain],2,discovery,1,untouched_baseline,2,sha256:23d8320fe9ba1f6f40b4776b30910bb961daf3b0ad9794ea4a8d2ef06f53e0b0,601371151,sha256:245a91f0ff1e9ed21a7f3a5c9f761b681440a50d900ef01ea60a4f0836da00d9,609915376,sha256:27ba4f6fa3b65ac62a0d7d159c1d96ff3eb0523e6bacb6feece5cfca7f260e3b,666521455,sha256:99db46e4a8c344748c25ab0a8413fed3d25ec774e68b2e480b1c0cf8ce376626,2581284580,sha256:e9e8c9add6632ddbcc6f4baeeb8b4034ce0448ed8580275a44f7b073d52a4e08,3924347309,1,609915376
rq024-foundation-03-r0,rq024-foundation-r1,rq024-foundation-r1,libero_90,60,LIVING_ROOM_SCENE4_pick_up_the_black_bowl_on_the_left_and_put_it_in_the_tray,test_confirmation_baseline,rollout,60place_inblack_bowl[initial=left]tray[region=contain],3,confirmation,1,untouched_baseline,0,sha256:643e14e1960dffa5cb247147999e3108141bf0d4e9cf940fa7776a107f210a4c,1681790177,sha256:a20daa447649b678b0ac217b22fac578394bd1d3c932ba85f2acdcbbe7a9eafb,2718804548,sha256:13b07ef2d1233be0d42e4a3892cdd4b36c98c74d231ec7a003e3cd662952aab5,330333938,sha256:13273ac7f3b237082eddd7ed34673092b0982355169288904ce7ee41b7bb1554,321338055,sha256:2f1cd354cb6b86efe42e02b595651a5a233a3bad622fad3501c382efd5381b89,790418260,27,2718804548
rq024-foundation-03-r1,rq024-foundation-r1,rq024-foundation-r1,libero_90,60,LIVING_ROOM_SCENE4_pick_up_the_black_bowl_on_the_left_and_put_it_in_the_tray,test_confirmation_baseline,rollout,60place_inblack_bowl[initial=left]tray[region=contain],3,confirmation,1,untouched_baseline,1,sha256:99ca18a2ec408c00ce0fd5feffd7fb88bf85bd04427c404cade53daf386b2c3b,2580158626,sha256:9696e392744fa3404e9dc8e72d05e3e221e3fde5f9db62f87e56d529f9937b63,2526471058,sha256:d67732f1064273178f28c8c81a88e932f1cd0ba645fd6f386aa4460b656c67db,3598136049,sha256:78e81fc7c15d1ff49521671b234dd639798f242b69e507b1de3e41e48a2447b5,2028478407,sha256:289817f3113b0fc31b3007821a80870931f58150ec026df87b9b10005199f518,681056243,26,2526471058
rq024-foundation-03-r2,rq024-foundation-r1,rq024-foundation-r1,libero_90,60,LIVING_ROOM_SCENE4_pick_up_the_black_bowl_on_the_left_and_put_it_in_the_tray,test_confirmation_baseline,rollout,60place_inblack_bowl[initial=left]tray[region=contain],3,confirmation,1,untouched_baseline,2,sha256:dd14287ba158e9fb0bbea8539ef10902f700e3b3a1e04190602f5f9f14c11170,3709085819,sha256:623f4ee59f81b21fb347f103e0d5d522e6a7c11f0a9dfd25b8b8da6b17ec49f6,1648316133,sha256:7eea33d5e72203a34b9ce4af233799dd7eace6fcf1d83a48f12bbb8287976c3c,2129277909,sha256:3c114157c92e9acf90ba97b26e58698222c2ffef1f64dffdff66d91ed3615f11,1007763799,sha256:1d8f306f1cb45b9183c6e54d0186a7c58437ac80b042d336223da90166d49c3c,495923311,19,1648316133
rq024-foundation-04-r0,rq024-foundation-r1,rq024-foundation-r1,libero_90,20,KITCHEN_SCENE3_turn_on_the_stove,train_discovery_baseline,rollout,20turn_onstove,4,discovery,2,untouched_baseline,0,sha256:681520b51942d82456404765210695a88d56db41a0221371f9e603d947ac7585,1746215093,sha256:5a3de60b28517a69ddf847362bb8febf8903eb9d20e8cf9db832837fbc5889dd,1514006027,sha256:f004800374d375b8b9b05f9a968aeec13792f97023e4f57a5c04869a083e4adc,4026826755,sha256:8e59c69edf678b02e2051142fafc9add7ebcb48e6b4bb1ce610cd8e4702ec2ec,2388248222,sha256:c93fda7b41c2ba7d408f03e4eaa8f81887c2a8277de81e45efed9d05bfb68037,3376405115,43,1514006027
rq024-foundation-04-r1,rq024-foundation-r1,rq024-foundation-r1,libero_90,20,KITCHEN_SCENE3_turn_on_the_stove,train_discovery_baseline,rollout,20turn_onstove,4,discovery,2,untouched_baseline,1,sha256:d5e031231542d3dd26a5741d734cf75a2f6ec31cbe57e95721f565de84eb03ce,3588239651,sha256:0bd4a364138bba6c716d242ecd725963c689b555832703b34173e7f7c6a51f2a,198484836,sha256:b93a64d7b9dbb55701fedc63d2c2386260c6c1b811bb9f10b616d0dca830d476,3107611863,sha256:595441ca5bc2a9398b49d1f3c7410855a76f1db5e61ed01d246503f9ddc2b42c,1498694090,sha256:da839be9a780da9fbd953a57baae9880184f1a36bc8861db7be5e77ebd13ae89,3666058217,1,198484836
rq024-foundation-04-r2,rq024-foundation-r1,rq024-foundation-r1,libero_90,20,KITCHEN_SCENE3_turn_on_the_stove,train_discovery_baseline,rollout,20turn_onstove,4,discovery,2,untouched_baseline,2,sha256:d097566161d9df010b1abb7943f43a06641de59268d35f0263c4bbce68964394,3499578977,sha256:820b2784c0ae3bd4b3c43b9316a2a959e38222ec0f8bb7d7ef3c3e28df31cc51,2181769092,sha256:ddf1ab87b64aaa4bd351391f1546868e62dac8f6795e0878273b683de7e0f356,3723602823,sha256:a497ad26f248a5b4543aa3400c61985dae2f2a5a433b748c09da8f260a0b1210,2761403686,sha256:6b0c723df828aeb7ab753c27e5897237486555ae98471fcf9a7fde08b1be62d8,1795977789,27,2181769092
rq024-foundation-05-r0,rq024-foundation-r1,rq024-foundation-r1,libero_90,47,LIVING_ROOM_SCENE1_pick_up_the_cream_cheese_box_and_put_it_in_the_basket,test_confirmation_baseline,rollout,47place_incream_cheesebasket[region=contain],5,confirmation,2,untouched_baseline,0,sha256:c7ed4f02b0d0602bc2ab71a00ca4d0efb227bfeefa0cdbd2c1cdedba4cc8980a,3354218242,sha256:cde40a06192ab90f32f66773f4048eedf680be546c677e131e5053fdeb21c805,3454274054,sha256:d4f73c4acf49bc5c71abfefb103a08e0be352fde915c03779305c131db6422b5,3572972618,sha256:e45bb358043fa08bc4d45232433db7ff32797b33e3899b8ebe3255bbe2e126f5,3831214936,sha256:e991722469f5194d28581639b4469453dcf92d5fcd1a8bb4ebea2d73d81b9e99,3918623268,42,3454274054
rq024-foundation-05-r1,rq024-foundation-r1,rq024-foundation-r1,libero_90,47,LIVING_ROOM_SCENE1_pick_up_the_cream_cheese_box_and_put_it_in_the_basket,test_confirmation_baseline,rollout,47place_incream_cheesebasket[region=contain],5,confirmation,2,untouched_baseline,1,sha256:279a4a0a3d9bcb10440e5c8e5bfb306d033d7c20e9d1f4f7d2477e1a926d2c19,664422922,sha256:563c125f154ba225d4f3cce0840a8e418a6a0a101eb68e6dc6b8f6b8502a42a5,1446777439,sha256:7106edd7b1348845c8513015cf6a0f89f9765ad9b713afd555896048d736bba8,1896279511,sha256:c4b76b04aa118ead0d19e47a85133cc7687f127fd9ddd749fc91d39b9f7a0f01,3300354820,sha256:ee349348ffa523531ce12bc395623d05804dd95f02ec1d038244686f4580d607,3996422984,22,1446777439
rq024-foundation-05-r2,rq024-foundation-r1,rq024-foundation-r1,libero_90,47,LIVING_ROOM_SCENE1_pick_up_the_cream_cheese_box_and_put_it_in_the_basket,test_confirmation_baseline,rollout,47place_incream_cheesebasket[region=contain],5,confirmation,2,untouched_baseline,2,sha256:ce98f82420b6863f7fca7ef4bea9171187ded762d95e385028a9f2ccdc4eb379,3466131492,sha256:310664c2186072916785c593e59acc0bee92404807cc1743e19729c34dbe1b4b,822502594,sha256:f6252997028b4dc5bd9b108ef062c922932de015d566f1dfb94e202a461825dc,4129630615,sha256:265cb2868ba06e0e6ca1aebb36d941daa8d14ebbb98feec94db9714c68f8cd3e,643609222,sha256:6257b7ceec9f4b17988d5d2464583d775d55a0fdf9bf643fea5250306e2555e6,1649915854,42,822502594
rq024-foundation-06-r0,rq024-foundation-r1,rq024-foundation-r1,libero_90,50,LIVING_ROOM_SCENE2_pick_up_the_alphabet_soup_and_put_it_in_the_basket,train_discovery_baseline,rollout,50place_inalphabet_soupbasket[region=contain],6,discovery,3,untouched_baseline,0,sha256:6a7e0db573287ff83fc9e0df8b95f5438d0c197b183da4312243277d6696facf,1786645941,sha256:2720f362825acdea5324a8b6e5593b14b9a4d4e6c10faed1c26bb87710d3b992,656470882,sha256:49c1f169081cfa04848fdb233d9213de7c78785a62c7f22b9e80389b09a72f3a,1237447017,sha256:8cb03c15037340203a378224b2af16ec0268c35e99d4d80b1b62a246b8da6ee0,2360359957,sha256:844185937fdfaf17702dc82fc1b33f0cd3fb4e9147d6d34c0d537eca3c260c51,2218886547,41,656470882
rq024-foundation-06-r1,rq024-foundation-r1,rq024-foundation-r1,libero_90,50,LIVING_ROOM_SCENE2_pick_up_the_alphabet_soup_and_put_it_in_the_basket,train_discovery_baseline,rollout,50place_inalphabet_soupbasket[region=contain],6,discovery,3,untouched_baseline,1,sha256:bd44e92cc6208c2119c4e7910d7d3ace5771514c81b136a679b9b0d9717e522c,3175409964,sha256:3338fce02338a3b252da6474994e3f2c52feaeb8ae058d9913372b69cc35a227,859372768,sha256:84ec48262412ebc9637eda2dd0bced918dcf6790be45e2762adb0ea986996d4c,2230077478,sha256:25279d476b9ed10d088689d74f7939b1168f1e1ce3f1a6d603ca86f8fdf75fb2,623353159,sha256:6bb5e8ad906a6afd9e46cf2f33f5f608069b9581a0f27d33cf82313e3010cd7f,1807083693,14,859372768
rq024-foundation-06-r2,rq024-foundation-r1,rq024-foundation-r1,libero_90,50,LIVING_ROOM_SCENE2_pick_up_the_alphabet_soup_and_put_it_in_the_basket,train_discovery_baseline,rollout,50place_inalphabet_soupbasket[region=contain],6,discovery,3,untouched_baseline,2,sha256:a7f24fe6341675b0457f09a2889c53d9ef8d33382f71f1eb09927a02a4551aa2,2817675238,sha256:54b28994a04eb51d741717fc6a38e8975c795dee6df9af99203e1e12b0f9a3af,1420986772,sha256:f2f8eb1ffbc7a455073d0e349cb44b864556808e98e2140c9d6e87883aa1e38e,4076399391,sha256:ca1b9b107f4994bdf4ca7c8aa4b8191f8c9460044a8d13767251a7d1a6ee4878,3390806800,sha256:bcbf1ba6c9a1fdd70b4f1cc0fc106a5ff350a1a810d944f45cca5d16796e7483,3166641062,38,1420986772
rq024-foundation-07-r0,rq024-foundation-r1,rq024-foundation-r1,libero_90,87,STUDY_SCENE4_pick_up_the_book_on_the_left_and_place_it_on_top_of_the_shelf,test_confirmation_baseline,rollout,87place_onbook[initial=left]shelf[region=top_side],7,confirmation,3,untouched_baseline,0,sha256:2a4666fecad9d5827b6a166836c2523f0786b55db57354f5993715ce12b77067,709256958,sha256:e71ab12598b98cb6c09bd977bf9799dfa1b155376e9f1faa95878635f17af92f,3877286181,sha256:160bec641f4c740671408f059fa4a38c04921ffb371de44a2f22c5ef69d2047f,369880164,sha256:20155f30797e1ecee91fd3ea8a7d1d063f4f5f13f4556ab6e73661b8512fa4c8,538271536,sha256:1ad149fd21f7c34de4b6974dbebbeb55ff82fe712a4ee9c5811013167bf9486e,449923581,8,3877286181
rq024-foundation-07-r1,rq024-foundation-r1,rq024-foundation-r1,libero_90,87,STUDY_SCENE4_pick_up_the_book_on_the_left_and_place_it_on_top_of_the_shelf,test_confirmation_baseline,rollout,87place_onbook[initial=left]shelf[region=top_side],7,confirmation,3,untouched_baseline,1,sha256:ca5b2e3ebf664544c4530e21f35084805cc32b1b387eb24468ccf7f7a7f34ce4,3394973246,sha256:ad02359cc8be200062708673c5ecbca8d3ef7b6a9c0e6e38ec827374f6f370b7,2902603164,sha256:c7ccdb2949af245871b5688b6595eca1b37b892d0ce83dc6d8f005b5abe198fe,3352091433,sha256:9ccf0c84f754da8686b40c891a1bec028e6019e962defc40ab7eee0612994c24,2630814852,sha256:55d297eb78b3d36c4f50b508cacd3c8578bbff9e900feaefc62d36a4e92c8bbc,1439864811,46,2902603164
rq024-foundation-07-r2,rq024-foundation-r1,rq024-foundation-r1,libero_90,87,STUDY_SCENE4_pick_up_the_book_on_the_left_and_place_it_on_top_of_the_shelf,test_confirmation_baseline,rollout,87place_onbook[initial=left]shelf[region=top_side],7,confirmation,3,untouched_baseline,2,sha256:e4f5d8be70dd6b5facd404a6cf86147aec81fe4ca6c963c211c5113d93edbe8e,3841317054,sha256:d600772fccc2d0f915d7dd595ee06a9dbaf509ab348979b897703909d0051902,3590354735,sha256:644ea963aaf0e35ccce993e6d517bf67c38ae89098c7eab25b4a58c3eb564c7c,1682876771,sha256:2266525a96284f6e1d86ee1a50115578178bc1f0b4e93f02269a94b7e4cf0e3f,577131098,sha256:50225a02423988a5dd131b56ad2b7d5bdd5176b83f24695e522b5d02769761dd,1344428546,4,3590354735
rq024-foundation-08-r0,rq024-foundation-r1,rq024-foundation-r1,libero_90,36,KITCHEN_SCENE7_put_the_white_bowl_on_the_plate,train_discovery_baseline,rollout,36place_onwhite_bowlplate,8,discovery,4,untouched_baseline,0,sha256:080b76afe961321c84e54a7a2339afbddb6ba47d891d64dabc218334b046b178,134969007,sha256:3c94fc07c23630e682c191457ebbcee9c56c502fb8c18f4869534b7d7783d24c,1016396807,sha256:9e85c56cb40a02dcfdf4b269b9747d5c8584d78eb64b61be11e7ecbb0424b756,2659566956,sha256:82247aa1331b6d02699352cff2f365fc67ec221f568ec6b2fbba783c6f1351e7,2183428769,sha256:e61672f4f2dbf479dc1b7235dc342b8015ee1f7ed65329f44858ac22ca7c72ca,3860230900,7,1016396807
rq024-foundation-08-r1,rq024-foundation-r1,rq024-foundation-r1,libero_90,36,KITCHEN_SCENE7_put_the_white_bowl_on_the_plate,train_discovery_baseline,rollout,36place_onwhite_bowlplate,8,discovery,4,untouched_baseline,1,sha256:da087e0661515d2b0544d2beb402cbd9756cbec5bdedd63ecc7e31450722cea8,3657989638,sha256:a9feaaed179ad2a2bfcd176abc197b3cd90f85e4b078b179ddf335f7fe35be85,2852039405,sha256:87641b84aca679877f2364f64ba7f7c05602c113061e7b7dadc08ea9071d85f0,2271484804,sha256:15cd68ca2d5a5b3f164dfa7092a5a56ba2d156a55b3fbf586cc32eeecc09de34,365783242,sha256:58dede63d1cb395319c77ef71d90fd196ab6f58648177a72e116732a9ccb7464,1491000931,38,2852039405
rq024-foundation-08-r2,rq024-foundation-r1,rq024-foundation-r1,libero_90,36,KITCHEN_SCENE7_put_the_white_bowl_on_the_plate,train_discovery_baseline,rollout,36place_onwhite_bowlplate,8,discovery,4,untouched_baseline,2,sha256:977e06db6401f409fa7f46dab1dd4ff124c556ae102be127e48b693a6f532f18,2541618907,sha256:a9e0646492ffc534660b1b75f90442636299d0384906e4d2f6b11e57a2d3f576,2850055268,sha256:c6189503845d54a3ad42d6dc1f3e11af381f68bc664099387b16e809a2be023f,3323499779,sha256:f1ccec79ea09791f131b422d258c3d955e3bb64662c264b7f7bf87d71f0011e6,4056738937,sha256:bde417ca9218670a66cdbbd5d82d63b8b6a2857390c65a701dbea6727a53d7d2,3185842122,7,2850055268
rq024-foundation-09-r0,rq024-foundation-r1,rq024-foundation-r1,libero_90,74,STUDY_SCENE1_pick_up_the_book_and_place_it_in_the_left_compartment_of_the_caddy,test_confirmation_baseline,rollout,74place_inbookcaddy[region=left_contain],9,confirmation,4,untouched_baseline,0,sha256:8db759b4f5e1735cc026ce44568289773d794341d5fcd7153908408de86332e7,2377603508,sha256:6db791136fde6ce1b33f3e453432f2aabf63f398efb97c633cb3f77b25d4826b,1840746771,sha256:c63b88ad0fb1afbad5ca3d0c8d8467a2b332595b09bcfea69dfdd632ffa078a3,3325790381,sha256:26f8aff9fd5018ad80ee5eb3594e04c7ea727fb6857c77e1b71aa5007272c968,653832185,sha256:9e9cb90fbc3476de713d877f8b92e6cdef8f78a5d254a240c345c2f060cedc87,2661071119,8,1840746771
rq024-foundation-09-r1,rq024-foundation-r1,rq024-foundation-r1,libero_90,74,STUDY_SCENE1_pick_up_the_book_and_place_it_in_the_left_compartment_of_the_caddy,test_confirmation_baseline,rollout,74place_inbookcaddy[region=left_contain],9,confirmation,4,untouched_baseline,1,sha256:5d778748ba41fe50be202e08035620fe8110811d00dcd3e6cfd8581b1d44305f,1568114504,sha256:0b4310a3ab1b39a1c6bd9749fad5a3ec1120838bd6e2510eefb6854c0aa9c2c1,188944547,sha256:67bb03fa9692eab0059e24ae8737a64b6175afcd70af314332444785aacb6686,1740309498,sha256:10af1aa80c9115c0b22162b0acc8e9a96273cc37377e590fe7938107b34795a0,279911080,sha256:aef9400f1675fbafaa0bf1f2f2a730f345e2f85d2809de0b929b13192047ab69,2935570447,4,188944547
rq024-foundation-09-r2,rq024-foundation-r1,rq024-foundation-r1,libero_90,74,STUDY_SCENE1_pick_up_the_book_and_place_it_in_the_left_compartment_of_the_caddy,test_confirmation_baseline,rollout,74place_inbookcaddy[region=left_contain],9,confirmation,4,untouched_baseline,2,sha256:09cf53c4f074a03f5e9de252991498a4289344a5f6c17318617e8978f5b043ab,164582340,sha256:01fcdad3911987d56d20ed49e42d456587294c4a7ea157ec9a178f3f7e00c89a,33348307,sha256:76376dd3213596e9c747057f157581676d04c4068c9d64f1323efec4b64b0d1a,1983344083,sha256:00b40bb2216f05cc7de932479467cbd84e29d916d0e8a992505af61f283da234,11799474,sha256:89323ac93c143811ff40e5a4f69ad7cf1bb3d209ad4c7483eb0228c876039fea,2301770441,40,33348307
rq024-foundation-10-r0,rq024-foundation-r1,rq024-foundation-r1,libero_90,35,KITCHEN_SCENE7_open_the_microwave,train_discovery_baseline,rollout,35openmicrowave,10,discovery,5,untouched_baseline,0,sha256:65afb491f18554aa37b022f358ff6b94035910ff3dd759be02eb5e3a62013870,1706013841,sha256:349699288a03ab8340add674730f58d37f0c63df6b6b3e26a0df0c719eee6ae7,882284840,sha256:0e16c1562a10ff651bf874acf576706c4135f436a541b41c8ae396ab47247678,236372310,sha256:49aa62984f8f4df58681407e6cefcbb79b453688788a5815d66391214969dd1d,1235903128,sha256:96308f9740f57444999c8c7a95e5464b4888df6d31ef916d6d9a15572db8d238,2519764887,41,882284840
rq024-foundation-10-r1,rq024-foundation-r1,rq024-foundation-r1,libero_90,35,KITCHEN_SCENE7_open_the_microwave,train_discovery_baseline,rollout,35openmicrowave,10,discovery,5,untouched_baseline,1,sha256:3198c5ea3e8d015b71dfc9603c27e5acc52fe1eac4f7fe6646cf31f6c3f49c18,832095722,sha256:dd1704bef757a0f3389b26fe57528d48014be3c101cd6f887bb2250ea5e4b80e,3709273278,sha256:30cff1a52ed822a4fae0597cb5c9f46eb102604fd2f108f5acce4549db176135,818934181,sha256:4472a0040463dddb8a10b84e24b0d7d3e85427d19eddb9b985a21c9c6a56842b,1148362756,sha256:122147759e8899aabf2579a7eb043a8fae8787f4c08f70dc6a90fa466854fbea,304170869,22,3709273278
rq024-foundation-10-r2,rq024-foundation-r1,rq024-foundation-r1,libero_90,35,KITCHEN_SCENE7_open_the_microwave,train_discovery_baseline,rollout,35openmicrowave,10,discovery,5,untouched_baseline,2,sha256:d1db0b880f85bd552cc0c24121558b71587be2f5fc4668a300f0f35ece80a551,3520793480,sha256:61c20630a64d55e2f0d309c858d02f141cfd8cd7b891f1752b08fcc3e4d938ad,1640105520,sha256:07474b403fac3b1b42dfcff0f57b190e522468d9e85de5f5254541f6e788e4ff,122112832,sha256:97a5de741f29bdc9eb0adee4bc37d97fac6df819eea0c8317c67ca6675966e1b,2544230004,sha256:90d44d360388185ba017c853f8e606cafea6d14b0500a04bbed3bdc2caceb69c,2429832502,30,1640105520
rq024-foundation-11-r0,rq024-foundation-r1,rq024-foundation-r1,libero_90,41,KITCHEN_SCENE9_put_the_frying_pan_on_top_of_the_cabinet,test_confirmation_baseline,rollout,41place_onfrying_panshelf[region=top_side],11,confirmation,5,untouched_baseline,0,sha256:fcbfa2fa024cd8116dded7142f547f93641c29f2c01eb661797094f66b53baa5,4240417530,sha256:416da078aa59ddff7d09b591cd7bc082c75528b85fd8abd37e36b5fd26fd1bf7,1097703544,sha256:f0b1af3f0552e96d84f23b45ba6bbcc8e64b4f0bd1f54f7361a46f9c74f1c6db,4038176575,sha256:ac51ca94a5d7ab946f61987aa81ae092b34491195e7482522f2ccbe633129ede,2891041428,sha256:f1dae56947bbfd25d7c8ce3ffc8c09dcc02b4284878781ab940ed7de509fd6ed,4057654633,30,1097703544
rq024-foundation-11-r1,rq024-foundation-r1,rq024-foundation-r1,libero_90,41,KITCHEN_SCENE9_put_the_frying_pan_on_top_of_the_cabinet,test_confirmation_baseline,rollout,41place_onfrying_panshelf[region=top_side],11,confirmation,5,untouched_baseline,1,sha256:9e2110abef59bc4f7a3f6497f949675ec2058dbeb646dce401b7edf6dae2c319,2652967083,sha256:5dc2107c8ff5e595474e642d0400d552fd03ecc7b7a67bc3500f5bd057fd12ee,1572999292,sha256:e2ad349adaa4b7ee5b280b53511c87265d5595874692623d5464110fb4f34879,3803002010,sha256:10ee58486ee24c8f0ae43bb03d8e747e35b760f095b65d54ad82853b27c94053,284055624,sha256:71c72f317e33c0da05f08d4a63079fbd963b931eb7e31f300031a03d95328cc0,1908879153,33,1572999292
rq024-foundation-11-r2,rq024-foundation-r1,rq024-foundation-r1,libero_90,41,KITCHEN_SCENE9_put_the_frying_pan_on_top_of_the_cabinet,test_confirmation_baseline,rollout,41place_onfrying_panshelf[region=top_side],11,confirmation,5,untouched_baseline,2,sha256:a57b144747e2d51acfc7de2fa663cc1a7d737deb82b75a5f4b7309e9fe124964,2776306759,sha256:db6bb5217e9e56cd938d332de734b23add92678a4f46a9b495e129dc84fbbbfa,3681269025,sha256:c1920d3c4eb694603818839e75a40982b50b27b5363e4349695d13339f632f52,3247574332,sha256:d38afd8325aabcb74ec496d3d4fdc01241b41f89e4337202b76cadaba9211561,3549101443,sha256:628db2bbafa7bc99a432fbd7dd8b92053135e7b6b3d6c6533762e148e9213306,1653453499,9,3681269025
rq024-foundation-12-r0,rq024-foundation-r1,rq024-foundation-r1,libero_90,70,LIVING_ROOM_SCENE6_put_the_chocolate_pudding_to_the_right_of_the_plate,train_discovery_baseline,rollout,70place_onchocolate_puddingplate[region=right],12,discovery,6,untouched_baseline,0,sha256:9297f95f65a57e1d8f6580ddbf805a57f54df09ae4d0f30de1dc57766c6fb208,2459433311,sha256:27c22cab4b37a337695ba9bb425e5d1c9f85923d76dcc2dcff28a5caec6306a3,667036843,sha256:e49d8c1fd837ee0f6694c92d2f191289b9f57be117c37c19c09db07e1a8a1d97,3835530271,sha256:62cf148d77e8c20e0a323b0369f765260af33419309c8751dcbcaf2dc31203d3,1657738381,sha256:1fcda3bab030f83e18766ff040e3106e8663e013295251798829d0365869ca1c,533570490,11,667036843
rq024-foundation-12-r1,rq024-foundation-r1,rq024-foundation-r1,libero_90,70,LIVING_ROOM_SCENE6_put_the_chocolate_pudding_to_the_right_of_the_plate,train_discovery_baseline,rollout,70place_onchocolate_puddingplate[region=right],12,discovery,6,untouched_baseline,1,sha256:7a1d7d5f8d472944306b915d9c934a06381f67bbcf8deb42946eed953274e0dd,2048752991,sha256:7503504d656a6080fa14bc3424d8261af33e603f2d9b083ad9061dca8eb5edce,1963151437,sha256:c21a97732e277390fcf241e5a672206b2122090cbd5569e2f6b3646d3f57f0d2,3256522611,sha256:284d8fdc0a6e7fd27b7aef9a7b0aa1650273e012f4bf72fe8cfa7b314f0b127f,676171740,sha256:fc535dbfef0d3306c9705ef27e7e0f44abf23f1ec5e6f009d1ab035958c8b58d,4233321919,41,1963151437
rq024-foundation-12-r2,rq024-foundation-r1,rq024-foundation-r1,libero_90,70,LIVING_ROOM_SCENE6_put_the_chocolate_pudding_to_the_right_of_the_plate,train_discovery_baseline,rollout,70place_onchocolate_puddingplate[region=right],12,discovery,6,untouched_baseline,2,sha256:7795aa08d1751af924097da30f424471d28e46f55a209587f18cdda0234599d5,2006297096,sha256:9a39ddc6c54ca1cc55cbfef69b6ef7ac1e53923c91cfcb2c958dc32863714893,2587483590,sha256:621dd06a40f33c9f2f937e75d358f3d3a904a18d5f71f3308316aed28087f3f6,1646121066,sha256:f35bc36cd1de9602ccae0b4cf5a2d72e92f8b06e187ee4c024606192cdbe0247,4082877292,sha256:2275d11557f6bb93ff4118230e4725b725eb5d79cb6d9df78fb32b91781aa7bb,578146581,46,2587483590
rq024-foundation-13-r0,rq024-foundation-r1,rq024-foundation-r1,libero_90,72,LIVING_ROOM_SCENE6_put_the_white_mug_on_the_plate,test_confirmation_baseline,rollout,72place_onwhite_mugplate,13,confirmation,6,untouched_baseline,0,sha256:0cd8c81a740bb3e71fb7415cfb36830fa49c7191b6d2623e22a30240510222d0,215533594,sha256:ca3606db4b65b093b8212ce65b396fcdc5e7a5c78fc6612a3a9f9a0bc1e6f41b,3392538331,sha256:39e4d7a3c4ea5995190cc3d9aa60ca9035451bd10437839e0a8ef48995d30635,971298723,sha256:1fab191665c33aa1523f7370d1d17342815f2a5555cbffed55ab321cafabc433,531306774,sha256:e56751209e80e7d7eb1cf30b09b0dc96e228f560c0f8db0a41ff19e2da244036,3848753440,44,3392538331
rq024-foundation-13-r1,rq024-foundation-r1,rq024-foundation-r1,libero_90,72,LIVING_ROOM_SCENE6_put_the_white_mug_on_the_plate,test_confirmation_baseline,rollout,72place_onwhite_mugplate,13,confirmation,6,untouched_baseline,1,sha256:df7bea1a9137810946812ce5e85a482f15bbdd949979c7e9781275dd179655a5,3749440026,sha256:67227a92810e042314a413d63a81d975cf8b4dad9d6ed0c7acb5828bd9461253,1730312850,sha256:df7e2194713314ed7968da0cdf8f229c81727fd4f1248d9705e95ab5bece022f,3749585300,sha256:98588a8542b8ad844413ae4b012edc34911c17e67f999b402d61e2486e4db348,2555939461,sha256:7ea0628e632c8a73924656b199ab46306011993591323d236461491e41974788,2124440206,26,1730312850
rq024-foundation-13-r2,rq024-foundation-r1,rq024-foundation-r1,libero_90,72,LIVING_ROOM_SCENE6_put_the_white_mug_on_the_plate,test_confirmation_baseline,rollout,72place_onwhite_mugplate,13,confirmation,6,untouched_baseline,2,sha256:95660e21a9ec6030afcf842002b137811d6e4efe560c454b0c07b39ab47515f0,2506493473,sha256:a40b9d9155f0a93e29f3f96c8d0a3d63e3218a9e9c7362bb6c82fc59bd031158,2752224657,sha256:f83b7db7e8642bf12e3cc46efe3d331155f77f31024065d1c91361966b835f80,4164648375,sha256:275b1503f1703698181063599648bac027fd7fb572e175a42b1a27c75b15f17d,660280579,sha256:3698648e992c61ec6c2de82d7a1083014361bfd5de77577fc22f74ad37d9343f,915956878,23,2752224657
rq024-foundation-14-r0,rq024-foundation-r1,rq024-foundation-r1,libero_90,58,LIVING_ROOM_SCENE3_pick_up_the_ketchup_and_put_it_in_the_tray,train_discovery_baseline,rollout,58place_inketchuptray[region=contain],14,discovery,7,untouched_baseline,0,sha256:70f3d5039816bec1a61e719b76cda1b2b81b663d4d7e73fc1a9ebd30a53d76d7,1895027971,sha256:a4947612a6024dca5cd6d93c7c7ce0b67e634c03e0d9b6626e97654bb7d0eee1,2761192978,sha256:37b7593ad7dd93324a32e970157a4c1bb1b68f2d5259e5076f9abeebafa6bbc0,934762810,sha256:54dfc487b1323e8b735ac1689d004bcf62d3a83f85c486b6d4ade5d11d1db936,1423950983,sha256:ad29496553dc08b677199efce2a0af3bb6a31a8166780206b6a61380669563a1,2905164133,21,2761192978
rq024-foundation-14-r1,rq024-foundation-r1,rq024-foundation-r1,libero_90,58,LIVING_ROOM_SCENE3_pick_up_the_ketchup_and_put_it_in_the_tray,train_discovery_baseline,rollout,58place_inketchuptray[region=contain],14,discovery,7,untouched_baseline,1,sha256:5962907086deaaf2f7570f99a3a5aad7d911f85ed2470cebf654d6226aebe1ef,1499631728,sha256:28fba379e99c15115842360ad1f69daab062e9019a006f6f08b70d6f70c7ca55,687580025,sha256:32bf8a61457978b1d20dfc541cd73306b623488ff39864019a023ca6c0dbd16e,851413601,sha256:ec411e64ac9d75c1418afbeb9a691b7bf03bde32721c18bf30550fd30dbef786,3963690596,sha256:8c211bcad4266d3fc1aaff26e248cd04bd6923948c2beeca54566b58171b80e3,2350980042,28,687580025
rq024-foundation-14-r2,rq024-foundation-r1,rq024-foundation-r1,libero_90,58,LIVING_ROOM_SCENE3_pick_up_the_ketchup_and_put_it_in_the_tray,train_discovery_baseline,rollout,58place_inketchuptray[region=contain],14,discovery,7,untouched_baseline,2,sha256:a64f2547706157b202a320d44af71a4c33c87b47a57b551628da13246e6219a6,2790204743,sha256:6c9957dc581cc338a612bc7cfd973fb83be61869409eec750ad62d3d34403d37,1821988828,sha256:c81a177627e18881b46ce11c527a6c94f61229888ac9ad132db41a7538fa848a,3357153142,sha256:cfadfad30a60171fb81c45b8243eaa6051f13e468c3e593991b801071156a614,3484285651,sha256:5dd0a460f9afd25e4d96456e1dfa67b3498108d5a0aea25260b06afb5dac8cb5,1573954656,43,1821988828
rq024-foundation-15-r0,rq024-foundation-r1,rq024-foundation-r1,libero_90,19,KITCHEN_SCENE3_put_the_moka_pot_on_the_stove,test_confirmation_baseline,rollout,19place_onmoka_potstove[region=cook],15,confirmation,7,untouched_baseline,0,sha256:cb792b3d8a0cfd92754286b9635003e5efddeed75037e243911e84ba5fde5f75,3413715773,sha256:eeaf4a5516aea39bb7cc61b438478d1e8b32e1a29083fc82259b65274d49ffeb,4004465237,sha256:9730bad4dcae7f105fe39639e2447339cc2d9c34afacc41e5b50aea97949668b,2536553172,sha256:62247502ae872501cd359834a9a3ceb0d3c0975f98416c0928f81ba42a78ffd2,1646556418,sha256:e35be92fc9a79c3a0fc5fc24f3af77a6a4c281ef6cf5039122ec0b29bdc8ff36,3814451503,23,4004465237
rq024-foundation-15-r1,rq024-foundation-r1,rq024-foundation-r1,libero_90,19,KITCHEN_SCENE3_put_the_moka_pot_on_the_stove,test_confirmation_baseline,rollout,19place_onmoka_potstove[region=cook],15,confirmation,7,untouched_baseline,1,sha256:eebf74ac4c80998a1547716ad8d10c0c83bbe150517a95b86786c25651757350,4005524652,sha256:0ed4858fa36ef503c96e4938b6900e0609e93ba7dd9e01aa4df3e16201fe9f1d,248808847,sha256:8bf6e22351f462a0993d3e5ba73b1a63c8010ebc706b5b0d7da663bc31ceade8,2348212771,sha256:88b90b03bd0a4f9b792b1b11a1d6a3681ea580212442fd7de316e4e5eb4bcd55,2293828355,sha256:afc6a7b7c69474395917b245ab420248937bcdccef3ddb1cf419db5e67715dcd,2949031863,2,248808847
rq024-foundation-15-r2,rq024-foundation-r1,rq024-foundation-r1,libero_90,19,KITCHEN_SCENE3_put_the_moka_pot_on_the_stove,test_confirmation_baseline,rollout,19place_onmoka_potstove[region=cook],15,confirmation,7,untouched_baseline,2,sha256:846f382feaed095bf80b8a4bfbbb99bc031b21b1b4a7d1da724baee50cd9dd8a,2221881391,sha256:332d01b504494a334e8a92e541cd3327b177638389f98f5831fc5a5a55a0f59d,858587573,sha256:8c33d72b35afac1f2e99143a78dbaeac7e6a13c9d4a50fd2da9533323b34f9c4,2352207659,sha256:69da9d052483d6ee67dfd2a10c2ef9d06f9f831f5e0ed83204dd0b3a9aeb1d5a,1775934725,sha256:e4d99ad084fb479d11fcca4b3b96d70722c46bd804d7f0cb0dc2c01eb38d8575,3839466192,41,858587573
rq024-foundation-16-r0,rq024-foundation-r1,rq024-foundation-r1,libero_90,34,KITCHEN_SCENE6_put_the_yellow_and_white_mug_to_the_front_of_the_white_mug,train_discovery_baseline,rollout,34place_onyellow_and_white_mugwhite_mug[region=front],16,discovery,8,untouched_baseline,0,sha256:a1b6cfc526aca773e5330a417ba38fd2e6ec5051c8470743bf4e22ccc9c5671c,2713112517,sha256:39e89686c1c171f5d62ffaeca6b36414a50168b39bfc5e44db8b0b122138c697,971544198,sha256:3ac01003edebbe22ee791a09aca8629e792325e80711073a5dc76f4c20c99257,985665539,sha256:3e3923843ee4dae6a2150ab685370ffd746775ee7f494eb07d68c5d4eab244e6,1043932036,sha256:4bf286ddfedc180498161e976b5c1cdd67e1724f9498012e2f5a80e576c2f4c5,1274185437,17,971544198
rq024-foundation-16-r1,rq024-foundation-r1,rq024-foundation-r1,libero_90,34,KITCHEN_SCENE6_put_the_yellow_and_white_mug_to_the_front_of_the_white_mug,train_discovery_baseline,rollout,34place_onyellow_and_white_mugwhite_mug[region=front],16,discovery,8,untouched_baseline,1,sha256:0000c3821c4edb82bb08bb58809c0c316fc77347d05d95fcca6adb7a4de53b88,50050,sha256:35431d21e8cb82597343c0f910da1c4979bbc6bf7abe5145d128a5ac97996cc6,893590817,sha256:77f82cad964cea72efe8b6d808ce3adeb116c34b6e5b7ee5903b558328df1c34,2012753069,sha256:8c308d2826341bd2389a06b5745c612b4712fcbc99d35421da1e6119ecdc208a,2351992104,sha256:ae5e8674bdb3288005528eb20aee7574902338abfe26c387340a0539d97c6db9,2925430388,0,893590817
rq024-foundation-16-r2,rq024-foundation-r1,rq024-foundation-r1,libero_90,34,KITCHEN_SCENE6_put_the_yellow_and_white_mug_to_the_front_of_the_white_mug,train_discovery_baseline,rollout,34place_onyellow_and_white_mugwhite_mug[region=front],16,discovery,8,untouched_baseline,2,sha256:36b22ca165ef4690ddfe35f4f51aa02e95c3f5b5abaead2c1f96bbe22726748d,917646497,sha256:a1fbe8e24dd765b0366065a7afb13f465ee850af36b430fed30fbf9654c6bac6,2717640930,sha256:1c3fa339a1dc28f802777fc3579649822a61a79ad3bade3d7baadf6176aead61,473932601,sha256:ebf4a5dea827634d5b3c0a99d093edfcc595264f251730aeff71ae5673fc80b2,3958679006,sha256:b4c8ba2b0f882d530d7a3a5f3cc0d898bf1ae483a14c82647eecf2af4d1f548e,3033053739,47,2717640930
rq024-foundation-17-r0,rq024-foundation-r1,rq024-foundation-r1,libero_90,62,LIVING_ROOM_SCENE4_pick_up_the_salad_dressing_and_put_it_in_the_tray,test_confirmation_baseline,rollout,62place_insalad_dressingtray[region=contain],17,confirmation,8,untouched_baseline,0,sha256:526d9952b019e0f09b5653ecfe9144a872027b26545b756a735823e560ef018f,1382914386,sha256:f1a0a9706b7832f9af80924c7ca8cda7a65c305d0227ee97d18c16a13dc31a97,4053838192,sha256:db4c8cb84f38a7259ff2a61ef52ac06ca7697f17ee11ba2879ebdc7697e3f7b5,3679227064,sha256:1ea599cba0c8cb13dfb64dc90a785cdbce40593ba713f8f65c0a940d3e0d3bdc,514169291,sha256:4c80a5be089eb1b5f3f406603aee2484a9b488c50b764284c2bbaad78999cdf6,1283499454,36,4053838192
rq024-foundation-17-r1,rq024-foundation-r1,rq024-foundation-r1,libero_90,62,LIVING_ROOM_SCENE4_pick_up_the_salad_dressing_and_put_it_in_the_tray,test_confirmation_baseline,rollout,62place_insalad_dressingtray[region=contain],17,confirmation,8,untouched_baseline,1,sha256:3808559e79908a4dbeecc25eb848cc4972e7657df2af190c1cb1f34bb4d8c41f,940070302,sha256:705212c6fbfd84470bd4ca8bda38629b58a6dfe586c116589ad3d283a4d9c5b0,1884426950,sha256:168eef1161d0a314fbe4bc32936772917a340a1debb6f94d3e49a23786e02563,378466065,sha256:069b73edcdba5664e369514ee0f4a529ce8fc141898f40231d36a5b919a0178f,110851053,sha256:b254a413c53ddb8b8a592a916801499793869d165e5ff4998008362ef2a12057,2991891475,2,1884426950
rq024-foundation-17-r2,rq024-foundation-r1,rq024-foundation-r1,libero_90,62,LIVING_ROOM_SCENE4_pick_up_the_salad_dressing_and_put_it_in_the_tray,test_confirmation_baseline,rollout,62place_insalad_dressingtray[region=contain],17,confirmation,8,untouched_baseline,2,sha256:ccdcff214664837a79ec92a926b07004f1e875534ad9de317c9ba1ba5eb4cd4b,3437035297,sha256:8fc38aabd119993bc97d81769b95ab2ab7699e8a833cb8bf103cee4651d743ab,2411956907,sha256:89a6079a635babe47ad51387754b931c2e584b6faf864c3615a227557328f548,2309359514,sha256:49c73c9b44f60182e8b21aa2c77a10f7d021ad0368300c1e610caf0a31b086ad,1237793947,sha256:2ab498d30362ad0a68ba6786e9ec6950dbae3d2d8950baec44c01705f4163422,716478675,47,2411956907
rq024-foundation-18-r0,rq024-foundation-r1,rq024-foundation-r1,libero_90,27,KITCHEN_SCENE4_put_the_wine_bottle_on_the_wine_rack,train_discovery_baseline,rollout,27place_onwine_bottlewine_rack[region=top],18,discovery,9,untouched_baseline,0,sha256:8edf0b50f842a4c78327fa3f58c9692effd9f57f6af5989659436833676c1367,2396982096,sha256:dcd02a7e60dfbf70ac48c9dd2a5e2b15c8acb7b653266edd419fafa143b10591,3704629886,sha256:22b60f6724dc28b4a2dfa9d1956f8ccb3126a3062e7a4c24614441c74cbd6372,582356839,sha256:13d4ea2532aef2cc765b56202aca5b844e2ec1b4b7878c779548c35f050c2a87,332720677,sha256:1c293d0b3d6d484faf49f2c98060aec57867ff2169216f4fc246543ac1f6f05f,472464651,46,3704629886
rq024-foundation-18-r1,rq024-foundation-r1,rq024-foundation-r1,libero_90,27,KITCHEN_SCENE4_put_the_wine_bottle_on_the_wine_rack,train_discovery_baseline,rollout,27place_onwine_bottlewine_rack[region=top],18,discovery,9,untouched_baseline,1,sha256:4e472549651c1b3a629de8380cf26c8599812135b72404224982339d802e8e7c,1313285449,sha256:5f5b6763471e872d35917016e845d2637961163a51d78528c0e5fa2b003b678d,1599825763,sha256:e34515d8e52b09369648dfd670c9ac2795d5ed58ffc3e9da0b1498dd64036fb3,3812955608,sha256:c639ee040a1264d6cb325c86130b6f85b8c04c83e212079675ff3fc19f4d55bd,3325685252,sha256:9714a7b14b4987b74660db2578476f27687826a79139eb3a8b20f15bd6bd42a5,2534713265,49,1599825763
rq024-foundation-18-r2,rq024-foundation-r1,rq024-foundation-r1,libero_90,27,KITCHEN_SCENE4_put_the_wine_bottle_on_the_wine_rack,train_discovery_baseline,rollout,27place_onwine_bottlewine_rack[region=top],18,discovery,9,untouched_baseline,2,sha256:11ce9d3e1c1e792c6b10cd48b166c4c5f60aff7623f4a8a0ea07fc49ec247695,298753342,sha256:5464e4aacba7f9891a41f15c8909cebc59c5a268600ef8fba048e52a1b902177,1415898282,sha256:54d55cee645c405f46b6c86ef673ad3bcbbe58a040da4daa43f1a00f4f1d5e3e,1423269102,sha256:768d0c8e1b8650b5b3834001ad74a78372415cae43520f8a5c7f24d7c2d1c683,1988955278,sha256:616290757ffc145efba3d5b163c926597f28bb5f4a8d91706bc90d3c199de3d7,1633849461,42,1415898282
rq024-foundation-19-r0,rq024-foundation-r1,rq024-foundation-r1,libero_90,53,LIVING_ROOM_SCENE2_pick_up_the_orange_juice_and_put_it_in_the_basket,test_confirmation_baseline,rollout,53place_inorange_juicebasket[region=contain],19,confirmation,9,untouched_baseline,0,sha256:a343e11149505101015f221322f869b7c112653255f3ffc207aa85f971b48410,2739134737,sha256:4731d887b2b563ff3963e8e6d3b2dd530d1777b11ceccbd4025bb5a0cb5198cf,1194449031,sha256:bfce396ca9e591eda6c4aaa84cea9c352be2eb3782d09ebabd3ca69cfe254386,3217963372,sha256:fa8c524eefd84b6faeaf1a0f48754423c2bdb8328f6fbab8afd59985c6118ded,4203500110,sha256:a40298178378b2a4a4ef2b1edac0c3be2f7ef9cf808ab2e86b8a4bacc9148e98,2751633431,37,1194449031
rq024-foundation-19-r1,rq024-foundation-r1,rq024-foundation-r1,libero_90,53,LIVING_ROOM_SCENE2_pick_up_the_orange_juice_and_put_it_in_the_basket,test_confirmation_baseline,rollout,53place_inorange_juicebasket[region=contain],19,confirmation,9,untouched_baseline,1,sha256:11a2c0d1a92764e19d4fa03fd78ef356360f640ca8405bdb8ad959202836c1b3,295878865,sha256:efc1e04fc37bd8a1e48aeb584a0a62f439073f28a1126756d750035d78de997b,4022460495,sha256:35a23a83f472437c17ba7938b724e887de8f2b94d3bdaa0b64969d197a72ab31,899824259,sha256:3ef41e5ef21ecf1be2d19791ca7c3766f31205ba45fc09f42fbcab2dbe0594b0,1056185950,sha256:6b574243e722b16e86a0c47e90d66df174ba277460232c5914e24ccbe6799cdb,1800880707,15,4022460495
rq024-foundation-19-r2,rq024-foundation-r1,rq024-foundation-r1,libero_90,53,LIVING_ROOM_SCENE2_pick_up_the_orange_juice_and_put_it_in_the_basket,test_confirmation_baseline,rollout,53place_inorange_juicebasket[region=contain],19,confirmation,9,untouched_baseline,2,sha256:5869c35af1a90e6fc131b39510ca07a6fa578e6a749f1f88c4b95c70d117a213,1483326298,sha256:2e329ef58bb580a867d777caea5aee554bbbb52900d510b2f935a8e49be6f5c9,775069429,sha256:e3b0090d4ba762f9ae1c208a5d203beb48d9ec13f2693195b8a8ce30e87a3580,3819964685,sha256:012b2225e297f870b77d8d4d8944ea2c6e5544538f6359f861535468b4046b5a,19604005,sha256:9699f53bfd9d6131640da6d72b5ef983d538ffa5a558d8c9f21148e75503ad56,2526672187,48,775069429
rq024-foundation-20-r0,rq024-foundation-r1,rq024-foundation-r1,libero_90,84,STUDY_SCENE3_pick_up_the_red_mug_and_place_it_to_the_right_of_the_caddy,train_discovery_baseline,rollout,84place_onred_mugcaddy[region=right],20,discovery,10,untouched_baseline,0,sha256:a08499255211298e4326c459975618cfcd0aded423f52394876b428f25ab9e58,2693044517,sha256:dee4de2d224797f090b818fb1dccc9fc90f60e515fafa62f37caab9a1902b7a7,3739541037,sha256:12baae4bc67e8a7f0fdf34d4fa035fedc1da772ee3c1b6de26741d4d6f37f78d,314224203,sha256:8a37652175855d7b18d6145e6df2a4049d4a668837012ed4c70dfff2f1f1131f,2318886177,sha256:43396949cbb9cdfc94ea51d6259aeea947bc9beb5cf37b815d1293f20251aef4,1127835977,17,3739541037
rq024-foundation-20-r1,rq024-foundation-r1,rq024-foundation-r1,libero_90,84,STUDY_SCENE3_pick_up_the_red_mug_and_place_it_to_the_right_of_the_caddy,train_discovery_baseline,rollout,84place_onred_mugcaddy[region=right],20,discovery,10,untouched_baseline,1,sha256:aef1b54e95c8a104a4f992e7f440652129aceb7a941c85663c23c1ff055b60b7,2935076174,sha256:4cfffb55c373f9646ffa8fb427476e119ba7a0b730753688c21f743512439ee9,1291844437,sha256:869071c8949b8f99a0c2d4e45c2737404d0db9d4f9d4b3882cfbe7f8aa6d789d,2257613256,sha256:f496c2d1450e12362c46116e007cf1d53591e5351cac8ed4dbbcb1a0200c9a8e,4103520977,sha256:2a0a4885afd05d572c84f5890924d4f7716a377568850c05803216f15b210297,705316997,24,1291844437
rq024-foundation-20-r2,rq024-foundation-r1,rq024-foundation-r1,libero_90,84,STUDY_SCENE3_pick_up_the_red_mug_and_place_it_to_the_right_of_the_caddy,train_discovery_baseline,rollout,84place_onred_mugcaddy[region=right],20,discovery,10,untouched_baseline,2,sha256:7b1a990d59d7744194ce6321e9c11f247f5f84375cf74131d77b033143d14345,2065340685,sha256:34005eaf5914d5eced6eb2a876e6a48076e304b4e72594d4e7aa413cbe85209b,872439471,sha256:b970a4fb1a18d67f1b686615fa470dfec871bab9c39ba791173646df61132d77,3111167227,sha256:e4ab9e21b02726ac011aacc2c5677d9584818680b852b93e43aecb9d48e7723d,3836452385,sha256:09bb2c8d9579aa7bac3e6e38c2e1920d61314a936d052d222bd9a3b5deacd992,163261581,35,872439471
rq024-foundation-21-r0,rq024-foundation-r1,rq024-foundation-r1,libero_90,13,KITCHEN_SCENE2_put_the_black_bowl_at_the_front_on_the_plate,test_confirmation_baseline,rollout,13place_onblack_bowl[initial=front]plate,21,confirmation,10,untouched_baseline,0,sha256:eda2a00174540fb97a68f4a9b79aa68a68bfb3b57b449b5ddbb90fa1ca492b2d,3986857985,sha256:d3c5a06c920d20c7feda5a93245c2e9c775e2c2bfc15c806e254c56b08937028,3552944236,sha256:a426551c80d399412e7026a4828a34495f28a5660b9d7ecd165305f0af2c1f0a,2753975580,sha256:3f990f90816b3582c6f652641282f3325ead511a62c7241bf54dfa84e2b5d194,1066995600,sha256:a7bac5e81c6ef15a5e6d31c81248f3f0a1161974005304a0711691c87cb75059,2814035432,35,3552944236
rq024-foundation-21-r1,rq024-foundation-r1,rq024-foundation-r1,libero_90,13,KITCHEN_SCENE2_put_the_black_bowl_at_the_front_on_the_plate,test_confirmation_baseline,rollout,13place_onblack_bowl[initial=front]plate,21,confirmation,10,untouched_baseline,1,sha256:a82fb5c3fa62d944ff0ef4f2e2b19c05a5861c15fcecbd3fa0f2f4d0f3836e6a,2821699011,sha256:1700510a4e49d69601f10127ef93956271af8d9b7a0ecf690173a237794ba5f7,385896714,sha256:a0816be25d88952c10512f783a7ec30016bbc0f0ddd02956414b9eb9bacec901,2692836322,sha256:841965d5438ef2166e60a66d227c61e2fcb0afe7d62f58803c364213d08a5a57,2216256981,sha256:9e302f033d000a5eea9846dedfde7a5c8d92f1fc3afc3292d32a34a10d36808e,2653957891,11,385896714
rq024-foundation-21-r2,rq024-foundation-r1,rq024-foundation-r1,libero_90,13,KITCHEN_SCENE2_put_the_black_bowl_at_the_front_on_the_plate,test_confirmation_baseline,rollout,13place_onblack_bowl[initial=front]plate,21,confirmation,10,untouched_baseline,2,sha256:68b792118a0732c29cb990dcd87c3a536e8b5eb9ba4efcd5077f96d5e47e6114,1756860945,sha256:438231a6d52cdd3479b1d0bcce284d8f10bb9f388fab0101c18e2d90df898e50,1132605862,sha256:2166ebd699b456c59a0f09e2ce0c643bb8a77e6ffdafe9261ec00fc8389e63f2,560393174,sha256:bd7a2bd14385a2fb24f703dc384ea34973b7e4f079e65cb9fa7df8bb7a88ac07,3178900433,sha256:ce5a96f3fc782377207974e44772d3cc84dbccb1c7fee1a9d53d77a1238fe772,3462043379,45,1132605862
rq024-foundation-22-r0,rq024-foundation-r1,rq024-foundation-r1,libero_90,49,LIVING_ROOM_SCENE1_pick_up_the_tomato_sauce_and_put_it_in_the_basket,train_discovery_baseline,rollout,49place_intomato_saucebasket[region=contain],22,discovery,11,untouched_baseline,0,sha256:b1aa4e946a71beb2856e646e61975829c2935a83c562215da48094723cbf6800,2980728468,sha256:0a261ccb87287fcc04d7065622e43a9a149d0b50d7974e6a57926577d53e110a,170269899,sha256:85a06342df74c91e23f6eb971d7fff3aad15a1903195a9969c2086b9f9b2b554,2241880898,sha256:45701e47360fae827b2df31b2b68538e58cc766bac0fe085a8bfd4b0f091858e,1164975687,sha256:7859edef0a605002721c3b19e58ce7480fd7c336c539752929b23b3ef4c08d97,2019159535,18,170269899
rq024-foundation-22-r1,rq024-foundation-r1,rq024-foundation-r1,libero_90,49,LIVING_ROOM_SCENE1_pick_up_the_tomato_sauce_and_put_it_in_the_basket,train_discovery_baseline,rollout,49place_intomato_saucebasket[region=contain],22,discovery,11,untouched_baseline,1,sha256:36a952374f5fb42cf0bc184bdb35221aa1972899ba783c111f8995d6ad4290f8,917066295,sha256:02c4c6babbf23248aa8af0876625850252421aac627066c0ecee1eda44f583a3,46450362,sha256:55e1125f2992fc40d43c3e7b9a19935d61aa9a893bd7b87f728e9a163b441a4e,1440813663,sha256:1302f4e1bbbedeb29dbb1a5b34adeb01015d758689950fca4df252c143bba295,318960865,sha256:17eb14098d6db8dafa95c80eeec086c4a682efea5403354f802751b794b94adb,401282057,45,46450362
rq024-foundation-22-r2,rq024-foundation-r1,rq024-foundation-r1,libero_90,49,LIVING_ROOM_SCENE1_pick_up_the_tomato_sauce_and_put_it_in_the_basket,train_discovery_baseline,rollout,49place_intomato_saucebasket[region=contain],22,discovery,11,untouched_baseline,2,sha256:22ad34f3a8fdab9d57c4ad9b0fbe44faae775a15c48a8b2f768331d29da6771f,581776627,sha256:e3a9f9985a70d743e1a3a2ad203829b08b3b3288f42355fe0c5bb35fbe2a7986,3819567512,sha256:a6dd2877f43007bfd7701dce6ac0f50d21844094a5db8367059e8ce3e518df11,2799511671,sha256:7f693eccbb01d52e8bda99fa6b3abf71b755f3b9c54dcd01170f8283d9561a51,2137603788,sha256:481ffd842fc6da4bef8030a2905edb3b8577329b5a870bc3e20f4547b9bfec2e,1210056068,27,3819567512
rq024-foundation-23-r0,rq024-foundation-r1,rq024-foundation-r1,libero_90,61,LIVING_ROOM_SCENE4_pick_up_the_chocolate_pudding_and_put_it_in_the_tray,test_confirmation_baseline,rollout,61place_inchocolate_puddingtray[region=contain],23,confirmation,11,untouched_baseline,0,sha256:496a943d608ffe4f0af229aaf76690ff77852f51e01d687b36bf14fe6f7af458,1231721533,sha256:a83b4f273a5dbec2169d0df21f03fd6199ccaa8366170c64449dd0653feb3801,2822459175,sha256:1f0b91ffe32fbf190b351e2240999168e30e6e32207315dc1c41daa5c8300b37,520851967,sha256:a131f631c551db8cbb249edf231bcb075057c7a746f47d886202125c867e9fb5,2704406065,sha256:550d9376eea9473da18bf115e3f4037e4e246741d3d4eaca2948d0472eaac4c7,1426953078,33,2822459175
rq024-foundation-23-r1,rq024-foundation-r1,rq024-foundation-r1,libero_90,61,LIVING_ROOM_SCENE4_pick_up_the_chocolate_pudding_and_put_it_in_the_tray,test_confirmation_baseline,rollout,61place_inchocolate_puddingtray[region=contain],23,confirmation,11,untouched_baseline,1,sha256:341df4b201d778004a91178707228598006dbad8c6bd649b94b6d9efaf3389a2,874378418,sha256:ac57e1fdd4be132e0ce07a598827db61a98edc60fc28154ed5b77273fee4f985,2891440637,sha256:ab894b52bc80b910f760f9b305342381209175f24d0751c67c5d7e7fdd81eb46,2877901650,sha256:1f9944ab4e2275f99741b339857866f5312673c38719b28c38638ba6d318173b,530138283,sha256:5d093872010e6cd8048013ca5e226f74a69b86e8805cb35743befda2a6b63dc2,1560885362,18,2891440637
rq024-foundation-23-r2,rq024-foundation-r1,rq024-foundation-r1,libero_90,61,LIVING_ROOM_SCENE4_pick_up_the_chocolate_pudding_and_put_it_in_the_tray,test_confirmation_baseline,rollout,61place_inchocolate_puddingtray[region=contain],23,confirmation,11,untouched_baseline,2,sha256:7b00375a35647af36a98a00f5bda1df2677e93374b0e7bb74db45ac46f4fcd6f,2063611738,sha256:a82ad4f67b77cb5220e0ef2bcdfb9f5489d4c1fd0766db14b4f55844ba14701e,2821379318,sha256:dc1a0cfa6b073143ae3a31a3cab1a727a1d168e74813b63ca4fc27b022f59559,3692694778,sha256:de6a26e1e3352e9aa2f4fef10c6869dc09c2213fea94324a51dcbe62704dd0e5,3731498721,sha256:8786212685cef960e1f2a0e1720bc319ce06b343ec2100a18cfb19a63e39ec79,2273714470,38,2821379318
